,用户,评级,等级,日期,内容
0,高质量鉴赏达人,"['allstar20', 'rating']",较差,2021-09-26 21:17:48,去看了点映，值得票价，三个小时看下来还好，一直战争戏容易麻痹双眼，但是也刺激。我不喜欢红海因为没有对人物的刻画，很可惜，长津湖也没有这种类似的刻画，换句话说文戏很少也就那样。另外我认为这部电影可以分为好几幕镜头，到最后的一个小时才算长津湖，我觉得结局真的潦草，可能有第二部吧。总体看下来比八佰金刚川好看，但是我不认为这只是一个三小时史诗大作该有的表现，理应能更好。
1,摩诃曼珠沙华,"['allstar40', 'rating']",推荐,2021-09-30 19:02:14,那些牺牲在冰雪中的战士，不应该被遗忘
2,熊宝,"['allstar10', 'rating']",很差,2022-01-03 00:06:06,特效是几毛钱，演技也不够，故事更是没讲好，大制作大投资挟爱国主义公器以私用，对不起志愿军战士们。
3,吳點半,"['allstar30', 'rating']",还行,2021-09-27 18:16:24,"只说实话：1、片长太长，对观众非常不友好。战争戏完全可以减少，士兵互相闹着玩的戏完全可以删减一部分，三个小时的电影，都开始两个小时了，才出发到长津湖；2、万里这个角色很不讨喜。明白导演想让观众看到一个小男孩成长为一个战士的蜕变，但是放在那样的战争环境下，两次三番耍性子，太过胡闹；3、再现神片段。敌我坦克射出的炮弹空中对撞，这概率估计不会很大；4、电脑特效出戏。电影刚开始就抠图，后面战争场面的特效也是显得很粗糙，说真的，如此重要的一部影片确最终呈现出来时这个效果，还是很意外的。以上是看完电影后我个人的一点观后感，不喜勿喷。"
4,觉日尧,"['allstar40', 'rating']",推荐,2021-09-29 22:11:46,小村庄夜战那段简直了，一看就是林超贤导演的手笔。炮兵、狙击手、机关枪手，扔手雷、近身肉搏，安排得环环相扣，节奏太好了。易烊千玺的扮相和特写也很精彩，没想到这么豁得出去。最后美军发现冻僵的志愿军尸体那里，虽然读书的时候看过这个情节，但还是被戳到了。
5,江上悬鱼,"['allstar40', 'rating']",推荐,2021-09-30 19:09:31,场面拍得挺好，但总觉得少了点什么。
6,安然,"['allstar40', 'rating']",推荐,2021-10-01 23:32:47,我看见那句为抗美援朝战争的胜利打下了基础的时候，突然的意识到教科书上这样古板的文字，背后的意义实在太沉重太深刻了。
7,欧阳喝喝,"['allstar30', 'rating']",还行,2021-10-13 04:35:05,和《中国医生》一样，令人敬仰的是事件或历史本身，而不是电影。
8,Tagtaa,"['allstar40', 'rating']",推荐,2021-09-28 20:02:36,点映观影，场面非常震撼，摄影很有新意。不得不说四字弟弟的表现我个人很满意很惊艳，在电影中他不是偶像他就是那个敢拼敢打像只小兽莽撞向前的伍万里。
9,九,"['allstar40', 'rating']",推荐,2021-10-02 12:27:13,万里一个新兵在枪林弹雨里穿梭毫发无伤 难免让人觉得主角光环强大
10,RF,"['allstar30', 'rating']",还行,2021-09-30 15:14:34,"人物情感突如其来，没有任何铺垫的悲伤真的很难让人入戏。
镜头剪辑细碎，你不知道这是多线叙事还是单线，突然插入的很多镜头跟主线剧情毫无关系。
动作戏太差，陈凯歌加徐克加林超贤三大导演化身迈克尔•贝，轰轰轰不停的炸。
浮夸的台词被油腻的演法端上了天。
镜头调度毫无美感。感觉又是一部政治任务片。
红海行动还是这几年最佳战争片。"
11,胡小猴,"['allstar30', 'rating']",还行,2021-10-03 09:03:34,人物，从正派到反派，全都是脸谱化的、功能性的。北极熊团的boss，全程一副我不知道自己是谁、我不知道自己在哪里、我不知道自己该干什么的表情。四字版伍万里一眼看去就是个（20）00后时代少年，像是来参加沉浸式主题教育的。主人公依然对战争不会产生一丝质疑。战争也依然不会对主人公的心理健康产生一丝影响。特效塑料感极强，部分大场景，真实感还不如《冰雪奇缘》。情节稀碎，主要靠铺得满满的爆炸音效和背景音乐吸引注意力。没想到国内战争片的天花板居然是拍喜剧出身的冯小刚导演。《集结号》和《芳华》虽然由于可以理解的原因存在这样那样的暧昧和局限，起码塑造的主人公都是有血有肉真实可感的，具有一定的人性深度。陈凯歌导演不该是这个水平，希望他能拿出写《少年凯歌》的真诚来拍战争片，以更好地铭记历史、缅怀先烈。
12,Lodge的小世界,"['allstar40', 'rating']",推荐,2021-09-30 16:01:38,该夸的也夸了，透过这一部片子来谈谈文艺背后的症候。无论是多位导演联合执导的局面，还是对其散乱冗的批评，都不只是这一部影片展出现的问题，而是近几年类型片的通病。回到文艺发展史本身，依旧是“革命礼乐”与“礼乐革命”发生了转轨与变调。从配乐来看，两个半小时的影片塞下了近十条音乐动机显然是过于满了，配合上大量的战争镜头造成了感官的疲惫，也类似于戏剧的“音墙”干扰了演员的唱词。而这背后体现的正是好莱坞大片的叙事模式（中途岛战役）与样板戏类型产生的冲突。例如进攻动机的使用，军号旋律之后紧跟着一长串交响其实是不太合适的，这正是某种创作困局的隐喻。希望导演们能够结合好“花部”与“雅部”，形成新的主旋律类型。
13,To-致敬,"['allstar40', 'rating']",推荐,2021-09-26 09:41:33,CG做得实在一言难尽；大部分战斗戏又黑又晃，如果是3D估计得看吐，幸好不是；故事线剪辑穿插问题很大，兄弟俩拍着拍着就虎头蛇尾了，要不是知道有第二部，这结尾能被骂死，既然要做第二部其实欧豪也可以放在第二部没必要先拿出来；七连第一场支援战太抢戏，把所有紧张情绪一次性宣泄出来了，导致最后大战调动不了观影情绪，有点喧宾夺主。但除了这些，也没啥缺点了，通篇设计很紧凑，三个小时的时长看得意犹未尽，希望第二部赶紧定档！
14,渺渺木叶,"['allstar40', 'rating']",推荐,2021-10-07 20:53:35,长津湖一战我军有四万多的伤亡，其中有三万多人是冻伤的，冻死的有四千多人，有几个连队甚至都在阵地上被活活冻死。这个伤亡和我们的后勤准备不足有关。当时参加长津湖战役的志愿军部队是宋时轮将军的第九兵团，之前是一直驻扎在南方准备攻台的部队，又因为提前入朝，没有准备过冬的衣服。当时为了达到出其不意的效果，放弃了后勤补给，千里突袭，才造成了这么大的伤亡。不过我们也完成了战略目标 打退了美军。美军陆战一师是美军的王牌部队，全歼太难了，全歼了一个整编团已经很好了。无论如何，还是向这些保卫国家的革命先烈们致敬。
15,很男的男,"['allstar20', 'rating']",较差,2021-10-02 22:54:20,想的太多，拍得太散。人工雕刻痕迹过重。
16,苏樱,"['allstar50', 'rating']",力荐,2021-09-29 14:35:14,沂蒙山小调一出，仿佛回到了很多年我的家乡，山东省临沂市沂水县下虎峪村，我在听外公讲他抗战时候的故事。他总是说，战场上枪林弹雨，而他的头里一直有一块炮弹弹片，他的耳朵有一只听不见，但他说，比起战友，已经是最幸运的人。
17,只是咕咕,"['allstar50', 'rating']",力荐,2021-09-30 17:30:36,“我们不打，下一代就得打”
18,跳广场舞的大叔,"['allstar30', 'rating']",还行,2021-10-04 21:34:23,我觉得下次别设置这种任性小孩形象了，战争不是儿戏。
19,手可摘星辰,"['allstar30', 'rating']",还行,2021-10-01 23:32:57,你说它没剧情吧，但战争就是这样打打停停然后继续推塔，就是这样的残酷和枯燥。然而这是一部电影啊，这也太平了吧，在战火的轰鸣中平铺直叙，毫无讲故事的技巧可言，像一部没有详略安排的流水账，情节还碎。人物群像塑造得也粗糙、浮于表面，大部分角色几乎可以套用到任何战争片里。镜头语言一般，能留下深刻印象的镜头寥寥无几，是我苛求商业片的艺术性了。三小时太长了，某些部分情节内核相似度太高，特别是后半部，还有一些碎片情节莫名其妙，有割裂剧情的，有情感推不到位靠回忆来强推的，依然是剧本的问题，而且什么都想放上去，就容易样样落个蜻蜓点水。这样一个催泪题材都没让我暴哭，导演也是属实厉害。另外这是这些年来我见过的解说字幕最多的电影。后来一看导演有谁，哦，明白了。
20,今天中五百万,"['allstar50', 'rating']",力荐,2021-09-29 23:00:28,"先看1950他们正年轻，再看长津湖，一边是听觉上听老兵们谈抗美援朝，一边是视觉上重现他们的过往，不得不说，都是非常非常值得观看的电影。

长津湖，吴京yyds！易洋千玺未来之星！
胡军，朱亚文，为什么可以这么好啊！
我觉得不得不说是李晨对比起来真的很糟糕啊，演技台词都不在线！

最直观的感受是，我决定不过圣诞节了，从前我觉得和平年代百花齐放，过过节也没什么，现在我觉得不是的，历史教育任重道远，我不愿意傻呵呵地替别人庆祝胜利，我有什么资格去替别人高兴？

我们的战士们在条件如此艰苦的情况下仍然浴血奋战，那些不是数字，都是人命，是我们有今天幸福生活所牺牲的人们啊！我们这么能不知道啊！怎么能忘记啊！！！"
21,王玦,"['allstar20', 'rating']",较差,2021-10-02 21:14:22,这拍的是动作片…美军除了空军，陆军就是屑。无语，真当抗美神剧在拍。不少画面甚至没制作完成，色调都没统一。战争场面又多又长。完全没有轻重设计。中国就没导演会拍战争戏吗？再，北方人演南方人能不能认真点，一口北方强调不说行为也完全看不出南方人
22,Jo_飛,"['allstar30', 'rating']",还行,2021-09-30 16:02:14,只感受到了林超贤拉满的肾上腺素，但确定要在电影院里坐3个小时吗？
23,酱酱锵～,"['allstar50', 'rating']",力荐,2021-09-29 23:01:27,看了点映，有笑有泪才是最刀的😭先说战争场面，真的巨牛逼！！！和美军正面刚真的看的我脚趾抓地（紧张的）美军和我们志愿军的装备差别大概是三级头和还没捡到头盔的差别🥲 真的看了才能体会到志愿军们的伟大。整部电影胡军老师的那一段我真的要哭疯了，胡老师有一句催泪台词大家可以期待一下。志愿军们除了在战场上是英勇无畏的英雄，在战场下也是一个个鲜活而可爱的人啊😭最喜欢打开火车车门那一幕，万里河山的美好出现在眼前😭😭我们为何在这里，为的就是守护这般美好的祖国，为的就是我们下一代的生活不再战火纷飞。
24,胜利的西西弗斯,"['allstar30', 'rating']",还行,2021-10-01 17:36:45,感人的是历史，是献身的人民。电影拍的实在一般。这么大制作，能不能把有的布景做的真实一点。
25,清凉峰,"['allstar40', 'rating']",推荐,2021-09-30 22:17:18,"以前一直不理解为什么他们宁愿放弃生命也要追求胜利，后来慢慢明白了，他们的背后是人民，他们的心中有信仰，他们敢于面对第一强国发起冲锋，只为建设自己理想的国家。
我们是被发现了吗
不，我们要冲锋了"
26,那又怎么样呢？,"['allstar50', 'rating']",力荐,2021-10-04 13:34:18,（写在前面：我不知道为什么会有人觉得不过3个小时的电影有点长？如此惨烈的战役，革命先辈用鲜血和生命换来的和平，你只看了3个小时就觉得长？）从电影视角来说，可能没有那么完美，但因为是讲述革命先辈，所以我一定要给五星。没有特别煽情，看有的人说一些他们打打闹闹的片段可以删减，我想说，战士也是人，他们是活生生的人，他们有老兵，有十几岁的孩子，如此艰苦的的岁月里，他们可能就是靠这些打打闹闹来缓解战争的残酷和失去队友的悲痛情绪。这才是一支充满希望的队伍，能打胜仗的队伍。永远向这些革命先烈致敬，愿世界再无战争。
27,雾淡乡,"['allstar40', 'rating']",推荐,2021-10-01 22:52:09,"挺好，前2/3很惊喜，文戏武戏都到位
。没有强行反战反思，没有过于个人英雄主义，拍出了我们正义之师的精气神！但是压轴的长津湖之战反而流于程式化了，唉……"
28,世木,"['allstar50', 'rating']",力荐,2021-10-04 23:15:10,“《长津湖》最好的彩蛋，便是今日繁荣昌盛的祖国”
29,minkeymao,"['allstar30', 'rating']",还行,2021-10-10 19:09:06,中国所有的主旋律电影就是有个弊端，剧情太差，场景换来换去，节奏很乱，根本没有剧情主线，看完都不知道在讲啥。看中国医生的时候也是这种感觉，整个电影将描绘的很宏大，音乐很庄重，但是讲的东西乱七八糟，什么都挑一点讲，最后什么都没讲。 不要总是挑这些历史事迹卖弄情怀，以为只要拍历史战争片再加些老戏骨就是好电影了，不是说不能拍，要拍就好好的，细细的琢磨，专研剧本和剧情。
30,现在我得摆脱ta,"['allstar30', 'rating']",还行,2021-10-02 23:39:08,一如既往的套路…民族情绪煽动真的ok…fine…观影的时候一直在思考：第一，无谓牺牲是否存在？第二，历史战争题材电影在刻画敌军形象时，那些可憎、傲慢、戏谑模样是否已成刻板印象，是拍出群众喜闻乐见的主色调，还是更侧重历史的真实性还原性（真实会传达给民众吗）。第三，对比中美军队处境，一边吃着火鸡喜迎圣诞，一边薄棉严寒磕掉牙的土豆。可先进、强大、后勤保障能力强有错吗？这样对比又想渲染什么？回家路上我想明白了第三点：强大并无过错，但其作用在于保护与发展，是人类文明进程中的必然。杀戮、掠夺、侵占才是恶，而用强大实力去浇灌恶的生长，就是敌军所做之事，也是先辈们以血肉奋力抗争之事。
31,自闭了,"['allstar50', 'rating']",力荐,2021-09-25 20:37:48,"看了点映，第七穿插连的故事有血有肉有笑有泪，很是动人。其中恢宏大场面相当有气势，虽然制作时间紧但特效超级震撼。祖国大好河山壮丽风景穿插其中也很是漂亮。另外各位演员让我在这三小时里完全忘了他们是谁，在我眼里就是角色本身，伍万里的成长线和哥哥、雷爹的情感线都让我几度哽咽。让我印象'最深的是胡军和朱亚文太出彩了。大家演技都在线看的过瘾。

        说实话之前并不了解这段历史，看了这部影片才知道先辈们面对战争的残忍，洒血刚毅前行，用他们的生命才换来今天的和平安康，致敬这些最可爱的人，愿如今繁华盛世，如你所想。"
32,李·根尔巴乔夫,"['allstar20', 'rating']",较差,2021-09-29 21:56:33,好看就完事了🐶
33,看热闹的萝卜,"['allstar20', 'rating']",较差,2021-10-04 23:15:16,拉满期待值去看的，失望而归。能否不要急于求成，能否少做营销，能否把钱花在刀刃上。看过电影后居然觉得抗美援朝赢的还挺容易？？？！！！以后陈凯歌要成为避雷神器了。
34,堂费南度,"['allstar30', 'rating']",还行,2021-10-03 11:29:35,为什么到现在了，这么大的制作，画面还是满满的塑料感，台词硬得像学生作文？
35,第四十六只斑鸠,"['allstar10', 'rating']",很差,2022-01-01 20:53:42,看到两个坦克炮弹撞到一起然后一枚炮弹跳弹了，美军坦克炸了我军完好无损的时候，我已经放弃了在这部电影里找任何意义的尝试。
36,我超凶,"['allstar20', 'rating']",较差,2021-10-05 18:19:02,开头特效直接看傻眼 剧情碎得我直接懵逼 结尾看完到泪点 三个小时 哭不出来  吴京是中国人的大男主吗？ 三位拍得这么烂对得起抗美援朝志愿军吗？ 胡军 段奕宏 演技太牛 yyqx的角色存在的意义是什么？必须要每一个片都有成长的历程吗？这还是战争片？
37,su,"['allstar30', 'rating']",还行,2021-09-26 16:34:17,事无巨细的开头，仓促升华的结尾。人物算是立住了，但追到最后他们的命运全无交代，甚至不知道究竟是生是死，简直让人一口气上不来。或许不该找三个人来导演。
38,菁,"['allstar40', 'rating']",推荐,2021-10-06 18:02:02,可能因为知道结局吧，全片最难过的居然是开头所有战士排队上火车准备去前线的片段，奇奇怪怪的点。
39,还好呢,"['allstar50', 'rating']",力荐,2021-10-02 23:42:13,我就知道，肯定会有很多大能耐打着低分再写段“专业”的影评，然后心满意足的想“我可真牛逼！”
40,大道至简,"['allstar50', 'rating']",力荐,2021-10-04 19:44:23,越长大越感慨，别说当时的美军想不到，现代人更想不到，在没有制空权的情况下，在补给、装备远远落后的情况下，中国军队打赢了抗日战争，打赢了抗美援朝战争，打赢了一切对外正义战争。
41,LGB-,"['allstar30', 'rating']",还行,2021-09-30 15:18:15,好片子，剪坏了。
42,冰山土豆,"['allstar50', 'rating']",力荐,2021-09-29 19:00:04,"感谢影协点映，
完美诠释了什么是最可爱的人！"
43,依旧空空,"['allstar20', 'rating']",较差,2021-10-05 07:21:43,说实话看到陈凯歌，心已经凉了一半，再看到那个爆炸场面和转360度扔手榴弹的动作，另外一半心也凉了.... 哎，什么时候才能看到一部真正好看的抗美援朝片子。。
44,葳蕤,"['allstar50', 'rating']",力荐,2021-10-06 08:11:00,前天刚看过《长津湖》，回来和家人聊了好久。我家有两位志愿军战士，一位是我的爷爷，他是朝鲜战场上的战斗英雄，归来后又上过越南战场，一直当到团长，载誉归来。另一位是我姥爷的哥哥，18岁就牺牲在了朝鲜战场上…就在前几年我的家人们还奔赴千里外祭奠了先人…每一位志愿军战士都不该被忘记，历史更应值得我们每个人铭记。
45,葱花花花花,['comment-time'],2021-09-28 09:36:50,2021-09-28 09:36:50,看过点映之后心潮澎湃，写了篇长评，结果告诉我不符合社区指导原则，到现在也没审核出来，行叭。电影把志愿军战士为了祖国和人民的利益与尊严而奋不顾身的爱国主义精神，英勇顽强、舍生忘死的革命英雄主义精神，不畏艰难困苦、始终保持高昂士气的革命乐观主义精神展现得淋漓尽致，没有强上价值观，没有喊口号，没有硬煽情，只是把我们国家为什么做出“抗美援朝”的决策、我们的志愿军战士进行了怎样艰苦卓绝的浴血奋战如实地展现了出来。文戏是真的好，尤其是伍万里拉开火车门，看到巍峨长城，山川壮丽，真的是直击人心，一下子就明白了我们为什么要抗美援朝保家卫国。陈凯歌不愧是去竞选奥运开幕式导演能朗诵《闻官军收河南河北》的人，搞情怀还是有一套。
46,请叫我三水萨玛,"['allstar50', 'rating']",力荐,2021-09-29 22:45:09,没想到自己看战争片也可以如此入神，千里阻止万里枪杀美军基地指挥官时，严重破防了，这就是中国军人，这就是中国之魂，仁之本位，今日份思想觉悟get！
47,水淼i,"['allstar30', 'rating']",还行,2021-10-05 09:02:11,13亿的大制作，结果开头的特效假的直接让人出戏。。。
48,799,"['allstar40', 'rating']",推荐,2021-10-24 16:19:56,让我感动的不是演员，而是我联想到在几十年前有这么一群平凡而伟大的人为了我们的国家和下一代去浴血奋战，就会很感动。一想到他们牺牲在异国，就会格外心疼
49,小巷,"['allstar50', 'rating']",力荐,2021-09-29 23:15:34,非常好看的影片，里面的人物生动感人，70年前的战争更会比演绎的更惨烈，片子里时时说为了后辈不打这场仗，所以我们一定要打，面对外敌入侵只有战场才能赢回尊严，我们是幸福的一代人希望能有更多的观众走进影院观看，希望记住那段历史更加珍惜美好的时光……更加感知今天的幸福生活
50,让我睡一会,"['allstar50', 'rating']",力荐,2021-09-29 15:17:28,认真安利《长津湖》，特别被电影所传达的信仰所打动，有场面、有故事、有力量！ 每个演员的表演都很有穿透力，其中印象最深的是胡军饰演的如此硬汉形象的雷公，在奄奄一息的时候说：“你们别把我一个人就在这，我不想死啊，我好疼啊。”眼泪止不住的流，再一往无前的战士，本质也是跟我们一样的普通人，他也会疼也会怕死，但还是义无反顾的保护战友、保护国家
51,豆友200838658,"['allstar50', 'rating']",力荐,2021-10-03 15:40:13,今天看了长津湖，有一句话特别触动，这一场仗我们不打，我们下一代就要打。我不说别人，就我自己，不能想象，如果现在的时代是战乱的年代，会如何？不能想，也想不出来。战士他们的想法好简单，也很实在，就是因为我的家乡会收到侵犯，得之不易的幸福会被破坏，他们毅然而然离开家乡，奔赴战场，在零下三十四十的温度下，吃着冻土豆，隐蔽在冰天雪地里一动不动，有的人冻死冻伤，甚至都没有机会正面敌人。有一幕，敌军飞机监察，他们伪装成死尸，然而敌军两人十块钱的比试，导致他们被扫射，他们受伤了也一动不动，生怕动了连累其他同志，这是多大的意志和信仰。他们都是英雄，是最可爱的人。
52,Ramen,"['allstar20', 'rating']",较差,2021-10-03 09:04:59,想讲的太多，结果是一个也没讲好。剪辑混乱 ，特效低廉，情感线离谱，陈凯歌你还是把我对于你那点仅有的尊敬败光了。
53,Hanks Young,"['allstar50', 'rating']",力荐,2021-10-04 02:10:41,外公参加过长津湖战役，看到了外公的影子，那场战役能够活下来已经很难了。战争镜头真好看
54,kyoyuki胤,"['allstar50', 'rating']",力荐,2021-09-29 23:42:23,个十百千万，千千万！山河无恙，致敬我们最可爱的人！三大导演齐上阵，各有千秋，但影片整体效果呈现得不错又和谐，叙事完整、节奏流畅、有血有肉，看三个小时没问题。瑕不掩瑜，这应该是目前战争片里最好看的一部了，镜头画面真挚，没有什么冗余部分，甚至还想延长些补充完整点。第六百七十七名！加油！
55,遥远的他,"['allstar50', 'rating']",力荐,2021-09-29 21:15:08,"中国第一部史诗级战争片（真正的！）投资十三亿，三大导演陈凯歌、徐克、林超贤，顶级领衔主演吴京、易烊千玺，《长津湖》值得如此阵容！"
56,胡西湖溪,"['allstar50', 'rating']",力荐,2021-09-30 18:07:26,太震撼了，太值票价了，画面和特效真的惊得我无以复加，七连的插科打诨，一起作战，每次美军空袭的画面都会震惊的我无以复加，也深刻认识到，从装备到作战人员，志愿军和美军的差距，也看到了志愿军的万众一心与众志成城，看完了，我真的可以看到导演和演员对这部电影的用心，从声乐，从画面，从特效，只能用震撼来说明，绝对是我看过最震撼的战争片。说完了优点，还是要说一点缺点，凯子哥，你的画面确实一如既往的美，但是你确实是给超贤导演和徐克导演拖后腿了，后半段的文戏水到渠成和战争画面融合的很好，但是前半段的文戏有时候我真的有点一头雾水，抒情来的莫名其妙，好在后面强大的战争画面和特效立住了抒情的前提。总之，绝对值得票价，也绝对值得去看，凯子哥的瑕疵不值一提
57,百代过客,"['allstar30', 'rating']",还行,2021-09-27 23:47:38,从火车出逃的隐蔽戏和第一场村庄支援战太棒了，盖过了后半段的总进攻。整体而言，就特别博纳——主旋律，老面孔，秃如其来的口号式台词，虽迟但到的煽情，不过这次的惊喜角色是胡军饰演的雷爹。一场艰苦而伟大的胜利，来之不易的幸福。
58,皮皮米,"['allstar30', 'rating']",还行,2021-10-02 09:20:49,万里这个角色，有点儿牵强，还是感觉加入这个角色是为了电影市场和流量，在整体故事线中，真可有可无，没那么重要；三个小时的电影，总体来说，还是蛮紧凑的，节奏把控不错，最喜欢胡军饰演的“雷爹”这个角色，很真实！
59,Alicia,"['allstar30', 'rating']",还行,2021-10-01 10:29:10,没有我想象中好看吧，也有可能是想通过一些轻松幽默的场面化解战争的苦痛？感觉更像是贺岁片（不知道该用什么词）
60,不觉,"['allstar20', 'rating']",较差,2021-10-03 16:54:39,连工业水准也很差。全片有一个好镜头，打开车门，对面的火车驶过，后面是长城，超越本身叙事的美感
61,不羁绊的石头,"['allstar40', 'rating']",推荐,2021-10-07 15:06:57,国内战争题材电影质感越来越好，但反战的视角却越来越模糊。环測周边观众各个激情澎湃，热情高涨，似乎参战，速缴匪敌成为影后幻想。纵观同类型题材拯救大兵，辛德勒等，都表达一个观点：不打了，不想打，我想回家等。所以还是有一点点的担忧。
62,鸟倦知还,"['allstar40', 'rating']",推荐,2021-09-30 09:27:49,有多久没看到兰晓龙的编剧作品就有多期待《长津湖》，真的完全出乎意料的满意！整体故事相当完整，每个角色的线都很丰满。伍千里，伍万里，余从戎，谈子为，梅生，雷睢生，平河……少见的战争片能让我记住每个角色的名字，既文雅又饱含着期待和寓意。而且演员与角色契合度堪称完美，从不同角度呈现了他们为什么是最可爱的人，把一个连队的生命力表现得淋漓尽致。最让人关注的战争场面，是实打实的震撼，战场身临其境的特效超级棒，三个导演有在互相补足，贡献了超强搭配。IMAX首选，萎靡了一年的电影院，终于要迎来燃炸的国庆档！
63,邓吖Don,"['allstar50', 'rating']",力荐,2021-10-01 01:28:55,直接比喻成：中国男篮和美国男篮打至平手，加时赛最后体力不支，阵容厚度不佳，小比分惜败的即视感。美国男篮此战过后，从此再也不会小瞧中国男篮…
64,无处安放,"['allstar30', 'rating']",还行,2021-10-01 17:36:02,很失望，煽情部分太多，剧情有点混乱，有些地方特效一般般，提前离场了。
65,你看起来很好吃,"['allstar40', 'rating']",推荐,2021-10-10 22:12:59,没有金刚川那么能代入情绪，不过胡军演的真好，摸着鼻子和脖子里流出的血的害怕的表情，小人物就是应该怕死然后有些事情又必须要去做，这样才够真实。吴京中规中矩，段奕宏也是。我想不明白为何非要用人命去堆出战争的胜利，确实在装备大幅度落后的情况下就得靠意志，但是他们自己就真的愿意牺牲吗？有没有别的途径呢？不得而知。那个年代，又感人又悲壮又无奈。
66,独慕,"['allstar30', 'rating']",还行,2021-09-30 16:01:33,3.5 开头到第一次正面交战这里 我觉得整体节奏都非常流畅  后面就开始拖沓了  雷排长牺牲那段 有点过于煽情 反而没那么令人动容 
67,在流逝之外,"['allstar20', 'rating']",较差,2022-01-01 18:05:21,把这么悲壮的题材，用最商业的手法，最低劣的特效，包装成了一个糊了的大蛋糕，加塑料大桶饮料，去糊弄那些一年就春节档看一回电影的普通观众。最让人可耻的是，这些人不是不能拍出真正深沉的好东西！而是他们不想！因为没有市场，这才是最让人想他妈骂街的地方。
68,东风殇,"['allstar50', 'rating']",力荐,2021-09-29 22:18:24,电影太震撼了，真实还原了长津湖战争的过程，展现了最可爱的战士们朴实又坚韧的精神。易烊千玺又一次挑战自己，虽然有一点之前的影子，不过很好的诠释了这个人物，通过这个孩子成长的过程，侧面反映了战争的残酷无情。胡军这次演绎雷爹很丰满，最后太好哭了，这么可爱的人居然还是牺牲了。电影很棒，具有史诗级的作品，国产的战争片又有了很大的进步。
69,Moon,"['allstar40', 'rating']",推荐,2021-10-01 20:40:09,刚入朝在干河坝的石头那场戏我紧张得差点窒息了
70,嘚叔,"['allstar50', 'rating']",力荐,2021-09-28 17:40:46,虽是主旋律，但惊喜连连。印象最深刻的是，在战士的眼中看到了害怕。
71,汐,"['allstar50', 'rating']",力荐,2021-09-30 17:48:48,没看会后悔 三个小时一点也不长 群像很好人物立体 很震撼
72,Pukii,"['allstar50', 'rating']",力荐,2021-12-27 04:15:28,如果这都不算是一流战争片，什么才算？感动中看完！
73,Xshuai胡,"['allstar50', 'rating']",力荐,2021-10-01 18:20:19,虽然有些不如人意的地方。但就凭这个题材。他就值五星
74,咕噜咕噜Q,"['allstar30', 'rating']",还行,2021-10-02 09:18:52,"这要是历史纪录片，还原的有滋有味。
这要是一部描述战争的电影，我只能说看了等于没看。"
75,北京的深秋,"['allstar50', 'rating']",力荐,2021-09-29 22:10:53,王树增的纪实小说《朝鲜战争》读过好几遍，其他的相关纪录片也看过不少。打得一拳开，免得百拳来，71年前，240多万年轻的中国人民志愿军将士保家卫国，慷慨赴朝。这一段谜一般的波澜壮阔的历史深深吸引着我。电影《长津湖》是久久期盼的一场电影，我看得热血沸腾，非常感动：零下40度气温的盖马高原战场，美军有极地型驼绒防寒大衣和鸭绒睡袋、有肉和菜，冰天雪地里的志愿军战士身上只穿着单薄的棉衣，只有一颗冻得如石头一般坚硬的土豆，拼命还得受冻挨饿！他们是最可爱的人，就是在这样极端严酷的条件下，他们打出了钢少气多的志愿军气概，打出了军威国威。致敬中国人民志愿军将士！
76,kate y,"['allstar30', 'rating']",还行,2021-09-26 22:16:07,没想过他能完全还原史实，因为不可能。只论影片质量，打的很激烈，但大场景太绿幕了，一眼假。人物塑造也逃脱不了英雄气概的脸谱化，我给两星半
77,jxy,"['allstar30', 'rating']",还行,2021-10-07 17:54:58,是电影长津湖，不是历史长津湖
78,ssss219,"['allstar50', 'rating']",力荐,2021-10-02 18:50:53,近两年从金刚川，到1950，到长津湖。这次感触最深。外公也是19岁上的现场，也会怕疼，也会调皮，也会想家。
79,阿乔💐💥,"['allstar50', 'rating']",力荐,2021-09-30 06:16:53,真的全程无尿点！规模之大，场面之震撼，到处都能激起属于中国人的感情共鸣。我们的志愿军在敌我悬殊如此大的情况下，仍然打了胜仗，不易可想而知。每位演员都演技在线，尤其易烊千玺，竟然觉得有演喜剧的天赋，好多笑点来自他，四字弟弟很棒很厉害！胡军的表演这次印章也很深刻。作为山东人，沂蒙山小调一出，真的破防了。总之强烈推荐国庆节去看，铭记历史
80,两百斤不含头丶,"['allstar30', 'rating']",还行,2021-10-01 19:52:08,"冗长而又充斥着枪炮爆炸的战斗对观众太不友好了，根本就看不明白几个小段的战术目标是啥就切来切去。特效和爆炸除了开头的舰炮齐射外真的称不上大制作，果然预告片只选最好的一段是吗😂。几段战斗给人的感觉还是和知乎上说得一样，导演都想不明白为什么能赢，就只能拍成几个战士超强的个人能力和人海战术一冲就完了，还是得要有真的会打仗的人来监制啊。全片整体上就只表现了一场战役和简陋的中共高层讨论(毛主席一拍板就完了)，根本就没涉及到中美苏的三国博弈和朝战全过程的形势变化，归根结底还是一部赞美解放军战士作风优良处境艰难但有信仰加持从而战胜强大敌人的老调重弹，很难让人有深刻的感触啊。
(结尾的一幕颇有些邓艾偷渡阴平结果撞见诸葛亮废弃的营寨的味道，就有一种小农/天朝的智慧终究还是胜过洋鬼子的感觉，有些小家子气了。"
81,ssssssesame,"['allstar40', 'rating']",推荐,2021-10-01 10:43:30,"“你为什么会来朝鲜打仗?”这个问题处理的很好，陈凯歌用突然出现的万里河山，就让观众和伍万里一起受到了情感冲击，把整一场冲突用非常自然又动人的方式收尾了。

不得不说陈凯歌很绝🤙🤙🤙

第七穿插连的前期群像太棒了，但是后面的结局有点草率了。其他支线就不做评论了"
82,1种小欢乐゜,"['allstar50', 'rating']",力荐,2021-09-29 22:52:09,这是一段值得所有中国人铭记的历史。开头就有汹涌的泪水夺眶而出，他们是最可爱的人！作为一部战争片，私以为《长津湖》是可以比得上《血战钢锯岭》的了。
83,壹贰叁肆伍,"['allstar50', 'rating']",力荐,2021-09-30 06:18:33,"每一个志愿军都是值得我们记住和致敬的最可爱的人！易烊千玺就是伍万里，他就是我们的眼睛，带领我们去参与那段历史。
"
84,周冬雨,"['allstar50', 'rating']",力荐,2021-09-30 14:18:49,战争场面震撼我妈，叹为观止，看完后好想哭，伍千里拿出那个记录牺牲的战士们的小本本的时候我真的哭到泪崩
85,帕帕多普洛斯,"['allstar30', 'rating']",还行,2021-09-30 16:00:41,"「当初拍摄时间不够，一场修桥拍了三回，这次我们时间多了，再也不用一场戏拍三回了！」

一般般吧，看下来挺累的，感觉无论是陈凯歌还是徐克拍完全片都应该会有更好的呈现，林超贤那段就……算了，几乎整整一小时毫无呼吸感的红海式大尺度杂乱动作戏，刚开始是有点刺激，但看着看着感觉都成白噪音了，甚至犯困……

陈凯歌的部分主要问题在于事多，在已经严重不连戏的情况下，依然拍得很赶，依然有很多JGDY似的跳跃，但是也贡献了本片最好的几个名场面（就是剪进预告的那几场）；徐克的部分中规中矩，至少没有林超贤那么乱，也有张弛…

本来看到选角是期待做成纯个体视角的，结果没想到预告一上来就高层会议了，要这么多，结果还弄了一个小时给林超贤拍无意义的信号塔攻防战，唉………"
86,不知道取什么名,"['allstar20', 'rating']",较差,2021-10-01 21:54:30,时长太长了，想看高潮部分等了好久。可能是时长的原因，节奏可以紧凑一点。
87,F小星♡,"['allstar40', 'rating']",推荐,2021-10-05 01:29:51,和我爸一起看的，开始时他突然靠过来说：你爷爷曾经参加过抗美援朝，也是第二批入朝的。
88,小瓜子,"['allstar30', 'rating']",还行,2021-10-03 11:28:57,总的来说就是感觉电影没有交代清楚长津湖的战略意义，就是一味的打打打，战略目的也只是提一嘴。
89,肥头大耳的急了,"['allstar50', 'rating']",力荐,2021-10-05 17:01:21,虽然不是五星的电影，但五星送给抗美援朝的战士们，唯有感恩和尊敬
90,SadDogParty,"['allstar20', 'rating']",较差,2021-10-02 22:03:45,太平洋战争那部剧里，陆战一师的士兵们不理解为什么日本人要来排队进攻。九年后，陆战一师的新兵走了日本人的老路。三个小时冗长的剧情与战斗，晃来晃去的战斗镜头，假的不行的cg，堪称是折磨了。
91,抹茶云吞,"['allstar50', 'rating']",力荐,2021-09-26 18:47:14,很荣幸观看了25号的首映，三个小时很快就过去了还意犹未尽，整部片子我给4星。博纳很上心，影片看得出来花了大价钱，两场战争场面无可挑剔，看imax看出了4d的效果。多加的一颗星是给四字弟弟的，观众通过伍万里的视角，去看这一场场战争，万里也在战火中成长逐渐独当一面，这个角色和易烊千玺本人离得太远太远了，而他诠释的非常好成为了伍万里本人，我被他的眼神和情绪触动，恭喜四字弟弟又出了一部很棒的作品👏长津湖是一场非常伟大的战役，里面有太多太多的故事可以深挖，其实如果不想把这些故事都揉杂在一部电影里从电影艺术的角度来说会更好，不过现在可以当做很好的科普向年轻一代展示志愿军的伟大。感谢最可爱的人！
92,张小北,"['allstar40', 'rating']",推荐,2021-10-03 00:38:58,长津湖，钢铁、勇气和信念的决战之地。残酷到双方都把它作为勇气和荣耀的代表。作为一部特定历史时期担负特定任务的中国电影，艺术层面的优劣可以商榷探讨；但在制作层面，无论好与不好，它都已经是当下中国电影的极限了。（了解部分后期制作的过程，只希望以后不要再去挑战这个极限了）
93,看看好剧,"['allstar50', 'rating']",力荐,2021-09-28 10:38:31,看过25日首映。感觉就是震撼感动！不剧透，大家都去看吧！我可以保证你看完觉得值回票价！千玺演的真好，年少有为👍👍
94,milk,"['allstar50', 'rating']",力荐,2021-09-30 14:33:57,终于看到了心心念念，期待已久的长津湖。无论场面，音效和特效都特别的棒，把抗美援朝这段波澜壮观的历史很好的呈现在观众面前。“没有冻不死的英雄，也没有打不死的英雄，有的只是军人的荣耀”，“如果我们不打这一仗，我们的下一代就要打，我希望我们的下一代能生活在一个没有硝烟的世界”，一句句台词震撼人心，引起共鸣。感谢前人的牺牲付出，才换来没有硝烟的和平年代。
95,小幸运,"['allstar50', 'rating']",力荐,2021-09-29 23:44:46,2021国庆即将到来，刚才有盗梦组织带着看完在子弹横飞如雨般落下的战场长津湖电影，志愿军仍毫不退缩誓守疆土的模样让人无比感动。历史英雄的仗是为我们这一代以及日后的千万代人打的这场战役从未在好莱坞的战争类影片中被提及，所以这次由我们中国人把这段历史正式搬上大荧幕，让大众识我国军人无所畏惧的牺牲精神电影的每一位演员都透过精湛的演技，无一分钟不调动着观影人的情感。吴京老师的实力肯定是不容置疑的，因此大众的目光将聚焦到年轻演员易烊千玺身上。而他的表现绝对会让人赞不绝口、刮目相看。千玺把万里第一次上真枪实弹的战场，画面是极为震撼的，战场里的炮火连天绝对是中国电影之最，观众可以很好地融入在战场的激烈和残酷当中，甚至觉得自己就站在战场上。在国泰民安的时代，我们看着眼前的大好河山，珍惜一切来之不易的和平
96,康斯坦,"['allstar30', 'rating']",还行,2021-09-27 17:54:21,香港导演们，使命…没有必达。段奕宏表演最佳。
97,云在青天水在瓶,"['allstar40', 'rating']",推荐,2021-09-30 17:44:06,"兰晓龙没让人失望！此片是中国电影工业的一大进步，三位导演，各把自我风格发挥出来了，突出的是陈凯歌的诗意景象，江村渔火，万里长城，还有在火车内对人物性格的展现，颇有大师之风范；徐克的动作美学,林超贤的军事戏，做的也非常具有观赏性。此片的剧作也是主旋律电影的一大进步，宏观命题与微观情绪的并存，小人物团体为主角，真是把好莱坞的优点算是学过来了，这点兰晓龙功居其首。当然，影片也有很多不足之处（个人认为黄建新让兰晓龙做了妥协）：家国生存与个人生存融合地不好、志愿军精神以及战争残酷性表达地不充分；宏观戏过多，导致人物性格没立足；结尾处理太差；特效一般，音乐铺的过满，三个导演的风格不是很统一。"
98,一个人的电影,"['allstar30', 'rating']",还行,2021-09-25 18:36:34,林超贤所设计的部分 音乐很熟悉。不得不说林超贤对战争的把控很到位呀。
99,走在左边,"['allstar50', 'rating']",力荐,2021-09-29 18:33:07,作为东北最北边的孩子最知道那种零下40度的天气有多冷，不夸张会冷到钻心和刺骨，那些被冻僵而牺牲的志愿军不应该被忘记，他们也是人民的英雄，和平年代来之不易，我们这一代太幸福了。（附一句主旋律电影拍成这样还是挺爱看的，虽然坐的腰疼 ：）
100,走在左边,"['allstar50', 'rating']",力荐,2021-09-29 18:33:07,作为东北最北边的孩子最知道那种零下40度的天气有多冷，不夸张会冷到钻心和刺骨，那些被冻僵而牺牲的志愿军不应该被忘记，他们也是人民的英雄，和平年代来之不易，我们这一代太幸福了。（附一句主旋律电影拍成这样还是挺爱看的，虽然坐的腰疼 ：）
101,涩嘛,"['allstar50', 'rating']",力荐,2021-09-30 23:09:38,"岂曰无声
山河既名"
102,不知道取什么名,"['allstar20', 'rating']",较差,2021-10-01 21:54:30,时长太长了，想看高潮部分等了好久。可能是时长的原因，节奏可以紧凑一点。
103,捞月亮乐,"['allstar40', 'rating']",推荐,2021-10-09 18:35:34,那几个外国人的台词真！的！很！差！！！
104,。,"['allstar30', 'rating']",还行,2021-10-03 00:43:48,接受爱国主义教育 但描写长津湖的战役拍摄的太匮乏了 还没有一开始炸通信塔那一段精彩 感觉重点有点没抓对  最煽情的地方莫过于胡军饰演的雷爹牺牲和冻死的战士们了吧
105,口水多过浪花,"['allstar30', 'rating']",还行,2021-09-28 07:11:57,"《长津湖》全片时长近3个小时，全篇都是讲战争，美帝主义万恶不赦。

攻占美军司令部后，吴京阻止易烊千玺朝美军官开最后一枪，展现了志愿军高尚的人道主义精神，片尾结束前，美国军队看到冻死的志愿军依然保留端正的卧姿，向他们肃然起敬，又变相展现了全世界军人面对战争的无奈。

但讲故事手法太生硬直白。没有《八佰》《敦刻尔克》让人深思，也没有《悬崖之上》扣人心弦，特别是最后欧豪客串的太突然，明显是来送人头。说是耗资13亿大制作，但顶多在特效上算是高配版《金刚川》。题材挺好，但编剧、剪辑还可以做到更好。

整部电影最大赢家是易烊千玺，又一次让人眼前一亮。"
106,词,"['allstar50', 'rating']",力荐,2021-09-30 20:32:04,这导演绝了！陈凯歌＋徐克 演员也是实力派 都是有演技有拼劲的 电影值得一看
107,二十四桥明月夜,"['allstar30', 'rating']",还行,2021-10-02 12:30:13,剧情拖沓，煽情部分较多
108,艾里迪布斯,"['allstar30', 'rating']",还行,2021-09-30 15:16:58,三星给演员的演技和配乐。接近三个小时的剧情太散碎，有些人物甚至都不怎么刻画就便当了，终究还是商业片。特效也太尬了，美国空军那部分蚌埠住了。唯一的惊喜就是音乐了，与大部分剧情相得益彰，更好的感染观众
109,我想改个昵称,"['allstar50', 'rating']",力荐,2021-09-30 11:29:13,25号有幸看了点映，想了这么多天发现确实不知道怎么用语言正确的去描述自己的感受。（因为是个语言匮乏的人）抗美援朝战役是只存在在我脑子里一个词，而长津湖把抗美援朝立体化在我脑子里了。谁是最可爱的人？这部电影告诉了我们答案，他不是一个具体的人，而是我们的志愿军们。影片全程高能，战争场面很刺激宏伟，当然也打的很艰辛。（现实应该更残酷）影片结束的时候，全场观众自发的掌声，让我久久无法平息。
110,清栀,"['allstar50', 'rating']",力荐,2021-09-29 00:25:17,战斗场面的紧张激烈，与战友间的逗趣温情交相呼应，平衡了电影节奏，三个小时丝毫不觉得冗长。吴京自身的军人气质与角色十分贴合，千玺诠释的灵动稚气少年，在战争背景下完成了蜕变与成长。角色各具特色，却令人对“七联”这个集体印象深刻。
111,一棵竹子,"['allstar40', 'rating']",推荐,2021-09-30 17:35:41,有这么一群人，他们不是一寸也没挪动过，却是生生克制住了摇晃，守住了自己内心的“阵地”。
112,饿霸地煮,['comment-time'],2021-10-01 18:59:01,2021-10-01 18:59:01,不好的点大家都说了，看的是真累，特别干。想说战争片一定要提出一个核心问题，例如【拯救大兵瑞恩】8换1是否值得？【桂河大桥】修一座桥还是炸一座桥？电影借四字提出“为何要当兵”这个问题，显然是撑不起史诗片的架构的。因为问题不行，导致论述不行，整个电影就变成狂轰滥炸的敷衍了。
113,不正坐标系,"['allstar50', 'rating']",力荐,2021-09-29 22:43:24,176分钟的历史回顾，场面应该是国产片至今最大的(至少是我看的电影里面是最壮观的)，事件叙述很清晰，人物特色很鲜明，没有以往看的战争电影的那种快节奏或者画面切换过多过乱。这样主旋律的电影请一年一部，当下的和平时光都是前人的牺牲换来的，铭记历史，壮大祖国，是对他们最好的报答。场外提醒，看电影前一定要少喝水和上厕所。可以的话，观影途中请别刷手机，既是对电影对历史的尊重，也是对旁人的尊重。
114,无糖红茶,"['allstar50', 'rating']",力荐,2021-10-24 15:46:21,很棒的作品，三小时一点也不觉得长，差点被douban上这些差评蒙蔽双眼，无论是我军细节，还是美军细节，都彰显了人性的可贵、对生命的尊重以及和平幸福的不易。
115,Ben,"['allstar50', 'rating']",力荐,2021-09-29 22:50:46,国内投资最大电影，战争场面宏大，同时刻画了角色鲜明的人物，时长3小时，情节紧凑，参演人员众多，片尾人员字幕走了十分钟，没有彩蛋。看得出导演和演员投入了巨大的心力，可以作为战争片的教科书。几个不足的点，第一场战斗过于冗长，打了半了多小时，实际推动的剧情很少，使影片整体重心偏前。二是CG敷衍，细看都是没打磨的模型。电影精彩的主要原因是抗美援朝战争的残酷，实际上当年的战争远比电影展现的残酷，包括物资与美军的差距比电影展现的更大，战术甚至是自杀式的。结尾概括性地草草结束宣告肯定有续集，可能导演想在下一部展现近乎绝望的战场和更惨烈的牺牲。
116,刘南瓜,"['allstar50', 'rating']",力荐,2021-09-30 17:50:53,革命先烈永垂不朽！！！！！
117,SadDogParty,"['allstar20', 'rating']",较差,2021-10-02 22:03:45,太平洋战争那部剧里，陆战一师的士兵们不理解为什么日本人要来排队进攻。九年后，陆战一师的新兵走了日本人的老路。三个小时冗长的剧情与战斗，晃来晃去的战斗镜头，假的不行的cg，堪称是折磨了。
118,邓安庆,"['allstar40', 'rating']",推荐,2021-09-30 09:11:10,很合格的战争片，虽然长，但却非常紧凑，一直吸引人看下去。几场大的战场群像戏，非常复杂的场景调度做得很到位，兼顾了情节推动和人物刻画，且能够让人沉浸其中，如此多的镜头，却丝毫不感觉到乱。而在人物塑造上，每一个都有鲜明的个性，演员把人物演绎得真实可信，战友牺牲那场戏很动人。真实的长津湖战役是非常残酷的，战争无情，中国军队有保家卫国的正义感在，而美军战争只是战争，他们并不为保卫国土而战，双方心态是相当不同的。本片对于美军，也没有刻意丑化和妖魔化，这点也难得。
119,跳一跳,"['allstar30', 'rating']",还行,2021-10-03 11:30:03,好拖沓，在看得昏昏欲睡的时候就来一阵枪林弹雨，跟朋友吐槽看完我就得聋了晚上做梦估计都是枪声😓时长太长坐到最后腰酸背痛还头疼到泪点就哭不出来了已经
